CMTRT,PREFTERM,ATCTEXT2
AMOXICILLIN,amoxicillin,ANTI-INFECTIVE AGENTS
AMOxIL drops,amoxicillin,ANTI-INFECTIVE AGENTS
AMPICILLIN CAPS,ampicillin caps,ANTI-INFECTIVE AGENTS
PENICILLIN V POTASSIUM,penicillin v potassium,ANTI-INFECTIVE AGENTS
Augmentin,amoxicillin/potassium clavulanate,ANTI-INFECTIVE AGENTS
DICLOXACILLIN,dicloxacillin,ANTI-INFECTIVE AGENTS
CEFADROXIL,cefadroxil,ANTI-INFECTIVE AGENTS
Ceftin,cefuroxime,ANTI-INFECTIVE AGENTS
Keflex,cephalexin,ANTI-INFECTIVE AGENTS
Omnicef,cefdinir,ANTI-INFECTIVE AGENTS
Vantin,cefpodoxime,ANTI-INFECTIVE AGENTS
CEFPROZIL,cefprozil,ANTI-INFECTIVE AGENTS
SPECTRACEF,cefditoren,ANTI-INFECTIVE AGENTS
SuPRAx,cefixime,ANTI-INFECTIVE AGENTS
Zithromax,azithromycin,ANTI-INFECTIVE AGENTS
Biaxin,clarithromycin,ANTI-INFECTIVE AGENTS
ERYTHROMYCIN ETHYLSUCCINATE,erythromycin ethylsuccinate,ANTI-INFECTIVE AGENTS
ERYTHROMYCIN FILMTABS,erythromycin base,ANTI-INFECTIVE AGENTS
"ZITHROMAx packets, 1 g",azithromycin,ANTI-INFECTIVE AGENTS
DOXYCYCLINE HYCLATE,doxycycline hyclate,ANTI-INFECTIVE AGENTS
TETRACYCLINE,tetracycline,ANTI-INFECTIVE AGENTS
Declomycin,demeclocycline,ANTI-INFECTIVE AGENTS
Cipro,ciprofloxacin tabs,ANTI-INFECTIVE AGENTS
AVELOx,moxifloxacin,ANTI-INFECTIVE AGENTS
FACTIVE,gemifloxacin,ANTI-INFECTIVE AGENTS
LEVAQuIN,levofloxacin,ANTI-INFECTIVE AGENTS
NEOMYCIN SULFATE,neomycin sulfate,ANTI-INFECTIVE AGENTS
TOBI,tobramycin,ANTI-INFECTIVE AGENTS
ISONIAZID TABS,isoniazid tabs,ANTI-INFECTIVE AGENTS
Rifamate,isoniazid/rifampin,ANTI-INFECTIVE AGENTS
PYRAZINAMIDE,pyrazinamide,ANTI-INFECTIVE AGENTS
Myambutol,ethambutol,ANTI-INFECTIVE AGENTS
Rifadin,rifampin,ANTI-INFECTIVE AGENTS
MYCOBuTIN,rifabutin,ANTI-INFECTIVE AGENTS
Diflucan,fluconazole,ANTI-INFECTIVE AGENTS
KETOCONAZOLE,ketoconazole,ANTI-INFECTIVE AGENTS
Lamisil,terbinafine tabs,ANTI-INFECTIVE AGENTS
Grifulvin V,griseofulvin microsize susp,ANTI-INFECTIVE AGENTS
GRIS-PEG,griseofulvin ultramicrosize,ANTI-INFECTIVE AGENTS
NYSTATIN TABS,nystatin tabs,ANTI-INFECTIVE AGENTS
GRIFuLVIN V tabs,griseofulvin microsize,ANTI-INFECTIVE AGENTS
Sporanox,itraconazole caps,ANTI-INFECTIVE AGENTS
LAMISIL granules,terbinafine,ANTI-INFECTIVE AGENTS
LAMISIL tabs,terbinafine,ANTI-INFECTIVE AGENTS
NOxAFIL,posaconazole,ANTI-INFECTIVE AGENTS
VFEND,voriconazole,ANTI-INFECTIVE AGENTS
VALCYTE,valganciclovir,ANTI-INFECTIVE AGENTS
BARACLuDE,entecavir,ANTI-INFECTIVE AGENTS
EPIVIR-HBV,lamivudine,ANTI-INFECTIVE AGENTS
Rebetol,ribavirin caps,ANTI-INFECTIVE AGENTS
Copegus,ribavirin tabs,ANTI-INFECTIVE AGENTS
Zovirax,acyclovir,ANTI-INFECTIVE AGENTS
Famvir,famciclovir,ANTI-INFECTIVE AGENTS
VALTREx,valacyclovir,ANTI-INFECTIVE AGENTS
Retrovir,zidovudine,ANTI-INFECTIVE AGENTS
APTIVuS,tipranavir,ANTI-INFECTIVE AGENTS
ATRIPLA,efavirenz/emtricitabine/tenofovir,ANTI-INFECTIVE AGENTS
COMBIVIR,lamivudine/zidovudine,ANTI-INFECTIVE AGENTS
CRIxIVAN,indinavir,ANTI-INFECTIVE AGENTS
EMTRIVA,emtricitabine,ANTI-INFECTIVE AGENTS
EPIVIR,lamivudine,ANTI-INFECTIVE AGENTS
EPZICOM,abacavir/lamivudine,ANTI-INFECTIVE AGENTS
INTELENCE,etravirine,ANTI-INFECTIVE AGENTS
INVIRASE,saquinavir,ANTI-INFECTIVE AGENTS
ISENTRESS,raltegravir,ANTI-INFECTIVE AGENTS
KALETRA,lopinavir/ritonavir,ANTI-INFECTIVE AGENTS
LExIVA,fosamprenavir,ANTI-INFECTIVE AGENTS
NORVIR,ritonavir,ANTI-INFECTIVE AGENTS
PREZISTA,darunavir,ANTI-INFECTIVE AGENTS
RESCRIPTOR,delavirdine,ANTI-INFECTIVE AGENTS
REYATAZ,atazanavir,ANTI-INFECTIVE AGENTS
SELZENTRY,maraviroc,ANTI-INFECTIVE AGENTS
SuSTIVA,efavirenz,ANTI-INFECTIVE AGENTS
TRIZIVIR,abacavir/lamivudine/zidovudine,ANTI-INFECTIVE AGENTS
TRuVADA,emtricitabine/tenofovir,ANTI-INFECTIVE AGENTS
VIDEx,didanosine,ANTI-INFECTIVE AGENTS
VIRACEPT,nelfinavir,ANTI-INFECTIVE AGENTS
VIRAMuNE,nevirapine,ANTI-INFECTIVE AGENTS
VIREAD,tenofovir,ANTI-INFECTIVE AGENTS
ZERIT,stavudine,ANTI-INFECTIVE AGENTS
ZIAGEN,abacavir,ANTI-INFECTIVE AGENTS
TAMIFLu,oseltamivir,ANTI-INFECTIVE AGENTS
Aralen,chloroquine phosphate,ANTI-INFECTIVE AGENTS
Plaquenil,hydroxychloroquine,ANTI-INFECTIVE AGENTS
Lariam,mefloquine,ANTI-INFECTIVE AGENTS
MALARONE,atovaquone/proguanil,ANTI-INFECTIVE AGENTS
MEBENDAZOLE,mebendazole,ANTI-INFECTIVE AGENTS
STROMECTOL,ivermectin,ANTI-INFECTIVE AGENTS
ALBENZA,albendazole,ANTI-INFECTIVE AGENTS
BILTRICIDE,praziquantel,ANTI-INFECTIVE AGENTS
Cleocin,clindamycin,ANTI-INFECTIVE AGENTS
Pediazole,erythromycin/sulfisoxazole,ANTI-INFECTIVE AGENTS
Flagyl,metronidazole tabs,ANTI-INFECTIVE AGENTS
"Bactrim, Septra",sulfamethoxazole/trimethoprim,ANTI-INFECTIVE AGENTS
TRIMETHOPRIM,trimethoprim,ANTI-INFECTIVE AGENTS
KETEK,telithromycin,ANTI-INFECTIVE AGENTS
ALKERAN,melphalan,CANCER DRUGS
ARIMIDEx,anastrozole,CANCER DRUGS
AROMASIN,exemestane,CANCER DRUGS
CASODEx,bicalutamide,CANCER DRUGS
CEENu,lomustine,CANCER DRUGS
EMCYT,estramustine,CANCER DRUGS
ETOPOSIDE CAPS,etoposide caps,CANCER DRUGS
FARESTON,toremifene,CANCER DRUGS
FEMARA,letrozole,CANCER DRUGS
FLUTAMIDE,flutamide,CANCER DRUGS
Hydrea,hydroxyurea,CANCER DRUGS
IRESSA,gefitinib,CANCER DRUGS
LEuKERAN,chlorambucil,CANCER DRUGS
Megace,megestrol,CANCER DRUGS
Purinethol,mercaptopurine,CANCER DRUGS
MESNEx tabs,mesna,CANCER DRUGS
METHOTREXATE TABS,methotrexate tabs,CANCER DRUGS
MYLERAN,busulfan,CANCER DRUGS
NILANDRON,nilutamide,CANCER DRUGS
TABLOID,thioguanine,CANCER DRUGS
TAMOXIFEN,tamoxifen,CANCER DRUGS
Vesanoid,tretinoin caps,CANCER DRUGS
TRExALL,methotrexate,CANCER DRUGS
CORTISONE ACETATE,cortisone acetate,"HORMONES, DIABETES AND RELATED DRUGS"
FLUDROCORTISONE,fludrocortisone,"HORMONES, DIABETES AND RELATED DRUGS"
Cortef,hydrocortisone,"HORMONES, DIABETES AND RELATED DRUGS"
Medrol,methylprednisolone,"HORMONES, DIABETES AND RELATED DRUGS"
"Orapred, Pediapred",prednisolone sodium phosphate soln,"HORMONES, DIABETES AND RELATED DRUGS"
Prelone,prednisolone syrup,"HORMONES, DIABETES AND RELATED DRUGS"
PREDNISONE,prednisone,"HORMONES, DIABETES AND RELATED DRUGS"
ORAPRED ODT,prednisolone sodium phosphate,"HORMONES, DIABETES AND RELATED DRUGS"
ANDROxY,fluoxymesterone,"HORMONES, DIABETES AND RELATED DRUGS"
ANDROGEL,testosterone,"HORMONES, DIABETES AND RELATED DRUGS"
DANAZOL,danazol,"HORMONES, DIABETES AND RELATED DRUGS"
TESTIM,testosterone,"HORMONES, DIABETES AND RELATED DRUGS"
Estrace,estradiol tabs,"HORMONES, DIABETES AND RELATED DRUGS"
Ogen,estropipate,"HORMONES, DIABETES AND RELATED DRUGS"
Climara,estradiol patches,"HORMONES, DIABETES AND RELATED DRUGS"
ESTROGEL,estradiol,"HORMONES, DIABETES AND RELATED DRUGS"
MENEST,esterified estrogens,"HORMONES, DIABETES AND RELATED DRUGS"
VIVELLE-DOT,estradiol,"HORMONES, DIABETES AND RELATED DRUGS"
ACTIVELLA,estradiol/norethindrone acetate,"HORMONES, DIABETES AND RELATED DRUGS"
CLIMARA PRO,estradiol/levonorgestrel,"HORMONES, DIABETES AND RELATED DRUGS"
COMBIPATCH,estradiol/norethindrone acetate,"HORMONES, DIABETES AND RELATED DRUGS"
DIVIGEL,estradiol,"HORMONES, DIABETES AND RELATED DRUGS"
ESTRASORB,estradiol,"HORMONES, DIABETES AND RELATED DRUGS"
FEMHRT,norethindrone acetate/ethinyl estradiol,"HORMONES, DIABETES AND RELATED DRUGS"
FEMRING,estradiol acetate,"HORMONES, DIABETES AND RELATED DRUGS"
PREMARIN,conjugated estrogens,"HORMONES, DIABETES AND RELATED DRUGS"
PREMPHASE,conjugated estrogens/medroxyprogesterone,"HORMONES, DIABETES AND RELATED DRUGS"
PREMPRO,conjugated estrogens/medroxyprogesterone,"HORMONES, DIABETES AND RELATED DRUGS"
Provera,medroxyprogesterone acetate,"HORMONES, DIABETES AND RELATED DRUGS"
Aygestin,norethindrone acetate,"HORMONES, DIABETES AND RELATED DRUGS"
PROMETRIuM,progesterone micronized,"HORMONES, DIABETES AND RELATED DRUGS"
Cyclessa,desogestrel/ethinyl estradiol,"HORMONES, DIABETES AND RELATED DRUGS"
Ortho-Cept,desogestrel/ethinyl estradiol,"HORMONES, DIABETES AND RELATED DRUGS"
Demulen,ethynodiol/ethinyl estradiol,"HORMONES, DIABETES AND RELATED DRUGS"
Alesse,levonorgestrel/ethinyl estradiol,"HORMONES, DIABETES AND RELATED DRUGS"
Levlite,levonorgestrel/ethinyl estradiol,"HORMONES, DIABETES AND RELATED DRUGS"
Nordette,levonorgestrel/ethinyl estradiol,"HORMONES, DIABETES AND RELATED DRUGS"
Seasonale,levonorgestrel/ethinyl estradiol,"HORMONES, DIABETES AND RELATED DRUGS"
Triphasil,levonorgestrel/ethinyl estradiol,"HORMONES, DIABETES AND RELATED DRUGS"
Nor-QD,norethindrone,"HORMONES, DIABETES AND RELATED DRUGS"
Ortho Micronor,norethindrone,"HORMONES, DIABETES AND RELATED DRUGS"
Loestrin,norethindrone acetate/ethinyl estradiol,"HORMONES, DIABETES AND RELATED DRUGS"
Modicon,norethindrone/ethinyl estradiol,"HORMONES, DIABETES AND RELATED DRUGS"
Ortho-Novum 1/35,norethindrone/ethinyl estradiol,"HORMONES, DIABETES AND RELATED DRUGS"
Ortho-Novum 7/7/7,norethindrone/ethinyl estradiol,"HORMONES, DIABETES AND RELATED DRUGS"
Ovcon 35,norethindrone/ethinyl estradiol,"HORMONES, DIABETES AND RELATED DRUGS"
Tri-Norinyl,norethindrone/ethinyl estradiol,"HORMONES, DIABETES AND RELATED DRUGS"
Ortho-Novum 1/50,norethindrone/mestranol,"HORMONES, DIABETES AND RELATED DRUGS"
Ortho-Cyclen,norgestimate/ethinyl estradiol,"HORMONES, DIABETES AND RELATED DRUGS"
Ortho Tri-Cyclen,norgestimate/ethinyl estradiol,"HORMONES, DIABETES AND RELATED DRUGS"
Lo/Ovral,norgestrel/ethinyl estradiol,"HORMONES, DIABETES AND RELATED DRUGS"
PLAN B,levonorgestrel,"HORMONES, DIABETES AND RELATED DRUGS"
Mircette,desogestrel/ethinyl estradiol,"HORMONES, DIABETES AND RELATED DRUGS"
Yasmin,drospirenone/ethinyl estradiol,"HORMONES, DIABETES AND RELATED DRUGS"
LYBREL,levonorgestrel/ethinyl estradiol,"HORMONES, DIABETES AND RELATED DRUGS"
NuVARING,etonogestrel/ethinyl estradiol,"HORMONES, DIABETES AND RELATED DRUGS"
ORTHO TRI-CYCLEN LO,norgestimate/ethinyl estradiol,"HORMONES, DIABETES AND RELATED DRUGS"
OVCON,norethindrone/ethinyl estradiol,"HORMONES, DIABETES AND RELATED DRUGS"
SEASONIQuE,levonorgestrel/ethinyl estradiol,"HORMONES, DIABETES AND RELATED DRUGS"
YAZ,drospirenone/ethinyl estradiol,"HORMONES, DIABETES AND RELATED DRUGS"
Amaryl,glimepiride,"HORMONES, DIABETES AND RELATED DRUGS"
Glucotrol,glipizide,"HORMONES, DIABETES AND RELATED DRUGS"
Micronase,glyburide,"HORMONES, DIABETES AND RELATED DRUGS"
Glynase,glyburide micronized,"HORMONES, DIABETES AND RELATED DRUGS"
Glucophage,metformin,"HORMONES, DIABETES AND RELATED DRUGS"
Glucovance,glyburide/metformin,"HORMONES, DIABETES AND RELATED DRUGS"
Precose,acarbose,"HORMONES, DIABETES AND RELATED DRUGS"
AVANDARYL,rosiglitazone/glimepiride,"HORMONES, DIABETES AND RELATED DRUGS"
PRANDIN,repaglinide,"HORMONES, DIABETES AND RELATED DRUGS"
STARLIx,nateglinide,"HORMONES, DIABETES AND RELATED DRUGS"
ACTOPLuS MET,pioglitazone/metformin,"HORMONES, DIABETES AND RELATED DRUGS"
ACTOS,pioglitazone,"HORMONES, DIABETES AND RELATED DRUGS"
AVANDAMET,rosiglitazone/metformin,"HORMONES, DIABETES AND RELATED DRUGS"
AVANDIA,rosiglitazone,"HORMONES, DIABETES AND RELATED DRUGS"
BYETTA,exenatide,"HORMONES, DIABETES AND RELATED DRUGS"
DuETACT,pioglitazone/glimepiride,"HORMONES, DIABETES AND RELATED DRUGS"
JANuMET,sitagliptin/metformin,"HORMONES, DIABETES AND RELATED DRUGS"
JANuVIA,sitagliptin,"HORMONES, DIABETES AND RELATED DRUGS"
HuMALOG,insulin lispro,"HORMONES, DIABETES AND RELATED DRUGS"
NOVOLOG,insulin aspart,"HORMONES, DIABETES AND RELATED DRUGS"
HuMuLIN R,insulin regular,"HORMONES, DIABETES AND RELATED DRUGS"
NOVOLIN R,insulin regular,"HORMONES, DIABETES AND RELATED DRUGS"
HuMuLIN N,insulin isophane,"HORMONES, DIABETES AND RELATED DRUGS"
HuMuLIN 50/50,insulin isophane/regular,"HORMONES, DIABETES AND RELATED DRUGS"
HuMuLIN 70/30,insulin isophane/regular,"HORMONES, DIABETES AND RELATED DRUGS"
NOVOLIN N,insulin isophane,"HORMONES, DIABETES AND RELATED DRUGS"
NOVOLIN 70/30,insulin isophane/regular,"HORMONES, DIABETES AND RELATED DRUGS"
HuMALOG MIx 50/50,insulin lispro protamine/lispro,"HORMONES, DIABETES AND RELATED DRUGS"
HuMALOG MIx 75/ 5,insulin lispro protamine/lispro,"HORMONES, DIABETES AND RELATED DRUGS"
NOVOLOG MIx 70/30,insulin aspart protamine/aspart,"HORMONES, DIABETES AND RELATED DRUGS"
LANTuS,insulin glargine,"HORMONES, DIABETES AND RELATED DRUGS"
LEVEMIR,insulin detemir,"HORMONES, DIABETES AND RELATED DRUGS"
ARMOuR THYROID,thyroid,"HORMONES, DIABETES AND RELATED DRUGS"
PROPYLTHIOURACIL,propylthiouracil,"HORMONES, DIABETES AND RELATED DRUGS"
CYTOMEL,liothyronine,"HORMONES, DIABETES AND RELATED DRUGS"
Tapazole,methimazole,"HORMONES, DIABETES AND RELATED DRUGS"
Fosamax,alendronate tabs,"HORMONES, DIABETES AND RELATED DRUGS"
METHERGINE,methylergonovine,"HORMONES, DIABETES AND RELATED DRUGS"
Clomid,clomiphene,"HORMONES, DIABETES AND RELATED DRUGS"
ACTONEL,risedronate,"HORMONES, DIABETES AND RELATED DRUGS"
DDAVP,desmopressin nasal,"HORMONES, DIABETES AND RELATED DRUGS"
EVISTA,raloxifene,"HORMONES, DIABETES AND RELATED DRUGS"
FOSAMAx soln,alendronate,"HORMONES, DIABETES AND RELATED DRUGS"
BONIVA,ibandronate,"HORMONES, DIABETES AND RELATED DRUGS"
CABERGOLINE,cabergoline,"HORMONES, DIABETES AND RELATED DRUGS"
DDAVP,desmopressin tabs,"HORMONES, DIABETES AND RELATED DRUGS"
HECTOROL,doxercalciferol,"HORMONES, DIABETES AND RELATED DRUGS"
SENSIPAR,cinacalcet,"HORMONES, DIABETES AND RELATED DRUGS"
STIMATE,desmopressin,"HORMONES, DIABETES AND RELATED DRUGS"
Lotensin,benazepril,HEART AND CIRCULATORY DRUGS
Lotensin HCT,benazepril/hydrochlorothiazide,HEART AND CIRCULATORY DRUGS
Capoten,captopril,HEART AND CIRCULATORY DRUGS
CAPTOPRIL/HYDROCHLOROTHIAZIDE,captopril/hydrochlorothiazide,HEART AND CIRCULATORY DRUGS
Vasotec,enalapril,HEART AND CIRCULATORY DRUGS
Vaseretic,enalapril/hydrochlorothiazide,HEART AND CIRCULATORY DRUGS
Monopril,fosinopril,HEART AND CIRCULATORY DRUGS
Prinivil,lisinopril,HEART AND CIRCULATORY DRUGS
Prinzide,lisinopril/hydrochlorothiazide,HEART AND CIRCULATORY DRUGS
uniretic,moexipril/hydrochlorothiazide,HEART AND CIRCULATORY DRUGS
Accupril,quinapril,HEART AND CIRCULATORY DRUGS
Altace,ramipril caps,HEART AND CIRCULATORY DRUGS
Mavik,trandolapril,HEART AND CIRCULATORY DRUGS
Monopril HCT,fosinopril/hydrochlorothiazide,HEART AND CIRCULATORY DRUGS
univasc,moexipril,HEART AND CIRCULATORY DRUGS
Accuretic,quinapril/hydrochlorothiazide,HEART AND CIRCULATORY DRUGS
ACEON,perindopril,HEART AND CIRCULATORY DRUGS
Sectral,acebutolol,HEART AND CIRCULATORY DRUGS
Tenormin,atenolol,HEART AND CIRCULATORY DRUGS
Tenoretic,atenolol/chlorthalidone,HEART AND CIRCULATORY DRUGS
Ziac,bisoprolol/hydrochlorothiazide,HEART AND CIRCULATORY DRUGS
Trandate,labetalol,HEART AND CIRCULATORY DRUGS
Lopressor,metoprolol tartrate,HEART AND CIRCULATORY DRUGS
Corgard,nadolol,HEART AND CIRCULATORY DRUGS
PROPRANOLOL TABS,propranolol tabs,HEART AND CIRCULATORY DRUGS
Zebeta,bisoprolol,HEART AND CIRCULATORY DRUGS
Coreg,carvedilol,HEART AND CIRCULATORY DRUGS
Norvasc,amlodipine,HEART AND CIRCULATORY DRUGS
Cardizem,diltiazem,HEART AND CIRCULATORY DRUGS
Calan,verapamil,HEART AND CIRCULATORY DRUGS
Lotrel,amlodipine/benazepril,HEART AND CIRCULATORY DRUGS
AZOR,amlodipine/olmesartan,HEART AND CIRCULATORY DRUGS
ExFORGE,amlodipine/valsartan,HEART AND CIRCULATORY DRUGS
"LOTREL 5/40, 10/40",amlodipine/benazepril,HEART AND CIRCULATORY DRUGS
Isordil,isosorbide dinitrate,HEART AND CIRCULATORY DRUGS
NITRO-BID oint,nitroglycerin,HEART AND CIRCULATORY DRUGS
Nitrostat,nitroglycerin sublingual tabs,HEART AND CIRCULATORY DRUGS
Monoket,isosorbide mononitrate,HEART AND CIRCULATORY DRUGS
Nitro-Dur,nitroglycerin patches,HEART AND CIRCULATORY DRUGS
NITROLINGuAL,nitroglycerin,HEART AND CIRCULATORY DRUGS
Lopid,gemfibrozil,HEART AND CIRCULATORY DRUGS
Mevacor,lovastatin,HEART AND CIRCULATORY DRUGS
Pravachol,pravastatin,HEART AND CIRCULATORY DRUGS
Zocor,simvastatin,HEART AND CIRCULATORY DRUGS
"Questran, Questran Light",cholestyramine,HEART AND CIRCULATORY DRUGS
ANTARA,fenofibrate micronized,HEART AND CIRCULATORY DRUGS
CRESTOR,rosuvastatin,HEART AND CIRCULATORY DRUGS
LESCOL,fluvastatin,HEART AND CIRCULATORY DRUGS
LIPITOR,atorvastatin,HEART AND CIRCULATORY DRUGS
TRICOR,fenofibrate,HEART AND CIRCULATORY DRUGS
TRIGLIDE,fenofibrate,HEART AND CIRCULATORY DRUGS
WELCHOL,colesevelam,HEART AND CIRCULATORY DRUGS
ACETAZOLAMIDE,acetazolamide,HEART AND CIRCULATORY DRUGS
AMILORIDE/HYDROCHLOROTHIAZIDE,amiloride/hydrochlorothiazide,HEART AND CIRCULATORY DRUGS
Bumex,bumetanide,HEART AND CIRCULATORY DRUGS
CHLOROTHIAZIDE,chlorothiazide,HEART AND CIRCULATORY DRUGS
Microzide,hydrochlorothiazide caps,HEART AND CIRCULATORY DRUGS
INDAPAMIDE,indapamide,HEART AND CIRCULATORY DRUGS
METHAZOLAMIDE,methazolamide,HEART AND CIRCULATORY DRUGS
Aldactone,spironolactone,HEART AND CIRCULATORY DRUGS
Zaroxolyn,metolazone,HEART AND CIRCULATORY DRUGS
Demadex,torsemide,HEART AND CIRCULATORY DRUGS
Betapace,sotalol,HEART AND CIRCULATORY DRUGS
AMIODARONE,amiodarone,HEART AND CIRCULATORY DRUGS
QUINIDINE SULFATE,quinidine sulfate,HEART AND CIRCULATORY DRUGS
Norpace,disopyramide,HEART AND CIRCULATORY DRUGS
Tambocor,flecainide,HEART AND CIRCULATORY DRUGS
Rythmol,propafenone,HEART AND CIRCULATORY DRUGS
Betapace AF,sotalol,HEART AND CIRCULATORY DRUGS
Catapres,clonidine,HEART AND CIRCULATORY DRUGS
Lanoxin,digoxin tabs,HEART AND CIRCULATORY DRUGS
Cardura,doxazosin,HEART AND CIRCULATORY DRUGS
METHYLDOPA,methyldopa,HEART AND CIRCULATORY DRUGS
TERAZOSIN,terazosin,HEART AND CIRCULATORY DRUGS
Tenex,guanfacine,HEART AND CIRCULATORY DRUGS
HYDRALAZINE,hydralazine,HEART AND CIRCULATORY DRUGS
MINOXIDIL,minoxidil,HEART AND CIRCULATORY DRUGS
Minipress,prazosin,HEART AND CIRCULATORY DRUGS
EPIPEN,epinephrine,HEART AND CIRCULATORY DRUGS
TEKTuRNA,aliskiren,HEART AND CIRCULATORY DRUGS
CADuET,amlodipine/atorvastatin,HEART AND CIRCULATORY DRUGS
CATAPRES-TTS,clonidine,HEART AND CIRCULATORY DRUGS
Proamatine,midodrine,HEART AND CIRCULATORY DRUGS
DIBENZYLINE,phenoxybenzamine,HEART AND CIRCULATORY DRUGS
PROMETHAZINE SUPP,promethazine supp,RESPIRATORY AGENTS
CYPROHEPTADINE,cyproheptadine,RESPIRATORY AGENTS
Allegra,fexofenadine,RESPIRATORY AGENTS
CLARINEx,desloratadine,RESPIRATORY AGENTS
xYZAL,levocetirizine,RESPIRATORY AGENTS
CLARINEx syrup,desloratadine,RESPIRATORY AGENTS
Nasarel,flunisolide,RESPIRATORY AGENTS
Flonase,fluticasone,RESPIRATORY AGENTS
Atrovent,ipratropium,RESPIRATORY AGENTS
VAZOTAN,brompheniramine/phenylephrine/carbetapentane,RESPIRATORY AGENTS
ACETYLCYSTEINE,acetylcysteine,RESPIRATORY AGENTS
ALBUTEROL SULFATE INHAL SOLN,albuterol sulfate inhal soln,RESPIRATORY AGENTS
CROMOLYN SODIUM INHAL SOLN,cromolyn sodium inhal soln,RESPIRATORY AGENTS
IPRATROPIUM INHAL SOLN,ipratropium inhal soln,RESPIRATORY AGENTS
Duoneb,ipratropium/albuterol sulfate,RESPIRATORY AGENTS
Brethine,terbutaline,RESPIRATORY AGENTS
ACCOLATE,zafirlukast,RESPIRATORY AGENTS
ASMANEx,mometasone,RESPIRATORY AGENTS
SINGuLAIR,montelukast,RESPIRATORY AGENTS
PuLMICORT RESPuLES,budesonide,RESPIRATORY AGENTS
SYMBICORT,budesonide/formoterol,RESPIRATORY AGENTS
xOPENEx,levalbuterol,RESPIRATORY AGENTS
PuLMOZYME,dornase alfa,RESPIRATORY AGENTS
LACTULOSE,lactulose,GASTROINTESTINAL DRUGS
OSMOPREP,sodium phosphates,GASTROINTESTINAL DRUGS
CIMETIDINE,cimetidine,GASTROINTESTINAL DRUGS
Bentyl,dicyclomine,GASTROINTESTINAL DRUGS
Pepcid,famotidine,GASTROINTESTINAL DRUGS
Zantac,ranitidine,GASTROINTESTINAL DRUGS
Robinul,glycopyrrolate,GASTROINTESTINAL DRUGS
CARAFATE susp,sucralfate,GASTROINTESTINAL DRUGS
Carafate,sucralfate tabs,GASTROINTESTINAL DRUGS
Levsin,hyoscyamine,GASTROINTESTINAL DRUGS
Cytotec,misoprostol,GASTROINTESTINAL DRUGS
Antivert,meclizine,GASTROINTESTINAL DRUGS
Tigan,trimethobenzamide caps,GASTROINTESTINAL DRUGS
TRANSDERM-SCOP,scopolamine,GASTROINTESTINAL DRUGS
Lomotil,diphenoxylate/atropine,GASTROINTESTINAL DRUGS
lactulose,encephalopathy,GASTROINTESTINAL DRUGS
Reglan,metoclopramide,GASTROINTESTINAL DRUGS
Azulfidine,sulfasalazine,GASTROINTESTINAL DRUGS
Phoslo,calcium acetate,GASTROINTESTINAL DRUGS
PHOSLO,calcium acetate,GASTROINTESTINAL DRUGS
Actigall,ursodiol,GASTROINTESTINAL DRUGS
CANASA,mesalamine supp,GASTROINTESTINAL DRUGS
DIPENTuM,olsalazine,GASTROINTESTINAL DRUGS
MESALAMINE ENEMA,mesalamine enema,GASTROINTESTINAL DRUGS
RENVELA,sevelamer carbonate,GASTROINTESTINAL DRUGS
uRSO,ursodiol,GASTROINTESTINAL DRUGS
Macrobid,nitrofurantoin monohydrate/macrocrystals,GENITOURINARY DRUGS
Macrodantin,nitrofurantoin macrocrystals,GENITOURINARY DRUGS
OXYBUTYNIN,oxybutynin,GENITOURINARY DRUGS
DETROL,tolterodine,GENITOURINARY DRUGS
VESICARE,solifenacin,GENITOURINARY DRUGS
ACID JELLY,acetic acid,GENITOURINARY DRUGS
Cleocin,clindamycin crm,GENITOURINARY DRUGS
ESTRACE crm,estradiol,GENITOURINARY DRUGS
MetroGel-Vaginal,metronidazole,GENITOURINARY DRUGS
PREMARIN crm,conjugated estrogens,GENITOURINARY DRUGS
GYNAZOLE-1,butoconazole,GENITOURINARY DRUGS
VAGIFEM,estradiol vaginal tabs,GENITOURINARY DRUGS
CLINDESSE,clindamycin crm,GENITOURINARY DRUGS
CRINONE 8%,progesterone gel,GENITOURINARY DRUGS
Bicitra,sodium citrate/citric acid,GENITOURINARY DRUGS
Proscar,finasteride,GENITOURINARY DRUGS
AVODART,dutasteride,GENITOURINARY DRUGS
FLOMAx,tamsulosin,GENITOURINARY DRUGS
CYSTAGON,cysteamine,GENITOURINARY DRUGS
ELMIRON,pentosan,GENITOURINARY DRUGS
xanax,alprazolam,CENTRAL NERVOUS SYSTEM DRUGS
Buspar,buspirone,CENTRAL NERVOUS SYSTEM DRUGS
Valium,diazepam,CENTRAL NERVOUS SYSTEM DRUGS
HYDROXYZINE HCL,hydroxyzine hcl,CENTRAL NERVOUS SYSTEM DRUGS
Vistaril,hydroxyzine pamoate,CENTRAL NERVOUS SYSTEM DRUGS
Ativan,lorazepam,CENTRAL NERVOUS SYSTEM DRUGS
AMITRIPTYLINE,amitriptyline,CENTRAL NERVOUS SYSTEM DRUGS
Celexa,citalopram,CENTRAL NERVOUS SYSTEM DRUGS
DOXEPIN,doxepin,CENTRAL NERVOUS SYSTEM DRUGS
Prozac,fluoxetine,CENTRAL NERVOUS SYSTEM DRUGS
Remeron,mirtazapine,CENTRAL NERVOUS SYSTEM DRUGS
Pamelor,nortriptyline,CENTRAL NERVOUS SYSTEM DRUGS
Paxil,paroxetine hcl,CENTRAL NERVOUS SYSTEM DRUGS
Zoloft,sertraline,CENTRAL NERVOUS SYSTEM DRUGS
TRAZODONE,trazodone,CENTRAL NERVOUS SYSTEM DRUGS
Wellbutrin,bupropion,CENTRAL NERVOUS SYSTEM DRUGS
Anafranil,clomipramine,CENTRAL NERVOUS SYSTEM DRUGS
Norpramin,desipramine,CENTRAL NERVOUS SYSTEM DRUGS
Tofranil,imipramine hcl,CENTRAL NERVOUS SYSTEM DRUGS
Parnate,tranylcypromine,CENTRAL NERVOUS SYSTEM DRUGS
LExAPRO,escitalopram,CENTRAL NERVOUS SYSTEM DRUGS
NARDIL,phenelzine,CENTRAL NERVOUS SYSTEM DRUGS
Effexor,venlafaxine,CENTRAL NERVOUS SYSTEM DRUGS
CHLORPROMAZINE,chlorpromazine,CENTRAL NERVOUS SYSTEM DRUGS
FLUPHENAZINE HCL,fluphenazine hcl,CENTRAL NERVOUS SYSTEM DRUGS
HALOPERIDOL LACTATE ORAL SOLN,haloperidol lactate oral soln,CENTRAL NERVOUS SYSTEM DRUGS
HALOPERIDOL TABS,haloperidol tabs,CENTRAL NERVOUS SYSTEM DRUGS
LITHIUM CARBONATE CAPS,lithium carbonate caps,CENTRAL NERVOUS SYSTEM DRUGS
PROCHLORPERAZINE SUPP,prochlorperazine supp,CENTRAL NERVOUS SYSTEM DRUGS
PROCHLORPERAZINE TABS,prochlorperazine tabs,CENTRAL NERVOUS SYSTEM DRUGS
Navane,thiothixene,CENTRAL NERVOUS SYSTEM DRUGS
PERPHENAZINE,perphenazine,CENTRAL NERVOUS SYSTEM DRUGS
TRIFLUOPERAZINE,trifluoperazine,CENTRAL NERVOUS SYSTEM DRUGS
LITHIUM CITRATE,lithium citrate,CENTRAL NERVOUS SYSTEM DRUGS
LOXAPINE,loxapine,CENTRAL NERVOUS SYSTEM DRUGS
ABILIFY,aripiprazole,CENTRAL NERVOUS SYSTEM DRUGS
GEODON,ziprasidone,CENTRAL NERVOUS SYSTEM DRUGS
RISPERDAL soln,risperidone,CENTRAL NERVOUS SYSTEM DRUGS
RISPERDAL M-TAB,risperidone,CENTRAL NERVOUS SYSTEM DRUGS
Risperdal,risperidone tabs,CENTRAL NERVOUS SYSTEM DRUGS
SEROQuEL,quetiapine,CENTRAL NERVOUS SYSTEM DRUGS
ZYPRExA,olanzapine,CENTRAL NERVOUS SYSTEM DRUGS
CHLORAL HYDRATE SYRUP,chloral hydrate syrup,CENTRAL NERVOUS SYSTEM DRUGS
ESTAZOLAM,estazolam,CENTRAL NERVOUS SYSTEM DRUGS
PHENOBARBITAL,phenobarbital,CENTRAL NERVOUS SYSTEM DRUGS
Restoril,temazepam,CENTRAL NERVOUS SYSTEM DRUGS
Sonata,zaleplon,CENTRAL NERVOUS SYSTEM DRUGS
Ambien,zolpidem,CENTRAL NERVOUS SYSTEM DRUGS
LuNESTA,eszopiclone,CENTRAL NERVOUS SYSTEM DRUGS
ROZEREM,ramelteon,CENTRAL NERVOUS SYSTEM DRUGS
RESTORIL 7.5 mg,temazepam,CENTRAL NERVOUS SYSTEM DRUGS
Adderall,amphetamine/dextroamphetamine mixed salts,CENTRAL NERVOUS SYSTEM DRUGS
Ritalin,methylphenidate,CENTRAL NERVOUS SYSTEM DRUGS
ORAP,pimozide,CENTRAL NERVOUS SYSTEM DRUGS
ANTABuSE,disulfiram,CENTRAL NERVOUS SYSTEM DRUGS
ARICEPT,donepezil,CENTRAL NERVOUS SYSTEM DRUGS
ARICEPT ODT,donepezil,CENTRAL NERVOUS SYSTEM DRUGS
"ExELON caps, soln",rivastigmine,CENTRAL NERVOUS SYSTEM DRUGS
ExELON patches,rivastigmine,CENTRAL NERVOUS SYSTEM DRUGS
NAMENDA,memantine,CENTRAL NERVOUS SYSTEM DRUGS
SARAFEM,fluoxetine,CENTRAL NERVOUS SYSTEM DRUGS
SALSALATE,salsalate,PAIN RELIEF DRUGS
Tylenol w/Codeine,acetaminophen/codeine,PAIN RELIEF DRUGS
ASPIRIN/CODEINE,aspirin/codeine,PAIN RELIEF DRUGS
DILAuDID-5,hydromorphone,PAIN RELIEF DRUGS
Dilaudid,hydromorphone tabs,PAIN RELIEF DRUGS
OxyIR,oxycodone caps,PAIN RELIEF DRUGS
ultram,tramadol,PAIN RELIEF DRUGS
Fiorinal w/Codeine,butalbital/aspirin/caffeine/codeine caps,PAIN RELIEF DRUGS
Duragesic,fentanyl patches,PAIN RELIEF DRUGS
SuBOxONE,buprenorphine/naloxone,PAIN RELIEF DRUGS
SuBuTEx,buprenorphine,PAIN RELIEF DRUGS
ETODOLAC,etodolac,PAIN RELIEF DRUGS
IBUPROFEN,ibuprofen,PAIN RELIEF DRUGS
KETOPROFEN,ketoprofen,PAIN RELIEF DRUGS
Mobic,meloxicam tabs,PAIN RELIEF DRUGS
Naprosyn,naproxen,PAIN RELIEF DRUGS
Anaprox,naproxen sodium,PAIN RELIEF DRUGS
Feldene,piroxicam,PAIN RELIEF DRUGS
Clinoril,sulindac,PAIN RELIEF DRUGS
INDOMETHACIN,indomethacin,PAIN RELIEF DRUGS
Arava,leflunomide,PAIN RELIEF DRUGS
NABUMETONE,nabumetone,PAIN RELIEF DRUGS
Midrin,acetaminophen/isometheptene/dichloralphenazone,PAIN RELIEF DRUGS
MIGRANAL,dihydroergotamine,PAIN RELIEF DRUGS
ALLOPURINOL,allopurinol,PAIN RELIEF DRUGS
COLCHICINE,colchicine,PAIN RELIEF DRUGS
PROBENECID,probenecid,PAIN RELIEF DRUGS
PROBENECID/COLCHICINE,probenecid/colchicine,PAIN RELIEF DRUGS
Tegretol,carbamazepine,NEUROMUSCULAR DRUGS
Klonopin,clonazepam,NEUROMUSCULAR DRUGS
Dilantin,phenytoin susp,NEUROMUSCULAR DRUGS
DILANTIN 30 mg,phenytoin sodium extended,NEUROMUSCULAR DRUGS
PHENYTEK,phenytoin sodium extended,NEUROMUSCULAR DRUGS
DILANTIN INFATABS,phenytoin,NEUROMUSCULAR DRUGS
Dilantin,phenytoin sodium extended,NEUROMUSCULAR DRUGS
Mysoline,primidone,NEUROMUSCULAR DRUGS
Depakene,valproic acid,NEUROMUSCULAR DRUGS
Zonegran,zonisamide,NEUROMUSCULAR DRUGS
CELONTIN,methsuximide,NEUROMUSCULAR DRUGS
Zarontin,ethosuximide,NEUROMUSCULAR DRUGS
LYRICA,pregabalin,NEUROMUSCULAR DRUGS
NEuRONTIN soln,gabapentin,NEUROMUSCULAR DRUGS
DEPAKOTE SPRINKLES,divalproex,NEUROMUSCULAR DRUGS
DIASTAT,diazepam,NEUROMUSCULAR DRUGS
GABITRIL,tiagabine,NEUROMUSCULAR DRUGS
KEPPRA,levetiracetam,NEUROMUSCULAR DRUGS
LAMICTAL Starter Kit,lamotrigine,NEUROMUSCULAR DRUGS
Lamictal,lamotrigine,NEUROMUSCULAR DRUGS
Trileptal,oxcarbazepine tabs,NEUROMUSCULAR DRUGS
TOPAMAx,topiramate,NEUROMUSCULAR DRUGS
TRILEPTAL susp,oxcarbazepine,NEUROMUSCULAR DRUGS
BENZTROPINE,benztropine,NEUROMUSCULAR DRUGS
TRIHEXYPHENIDYL,trihexyphenidyl,NEUROMUSCULAR DRUGS
Eldepryl,selegiline caps,NEUROMUSCULAR DRUGS
Sinemet,carbidopa/levodopa,NEUROMUSCULAR DRUGS
Requip,ropinirole,NEUROMUSCULAR DRUGS
Parlodel,bromocriptine,NEUROMUSCULAR DRUGS
COMTAN,entacapone,NEUROMUSCULAR DRUGS
MIRAPEx,pramipexole,NEUROMUSCULAR DRUGS
BACLOFEN,baclofen,NEUROMUSCULAR DRUGS
CHLORZOXAZONE,chlorzoxazone,NEUROMUSCULAR DRUGS
Flexeril,cyclobenzaprine,NEUROMUSCULAR DRUGS
Robaxin,methocarbamol,NEUROMUSCULAR DRUGS
Zanaflex,tizanidine tabs,NEUROMUSCULAR DRUGS
Dantrium,dantrolene,NEUROMUSCULAR DRUGS
SKELAxIN,metaxalone,NEUROMUSCULAR DRUGS
Mestinon,pyridostigmine tabs,NEUROMUSCULAR DRUGS
MESTINON syrup,pyridostigmine,NEUROMUSCULAR DRUGS
RILuTEK,riluzole,NEUROMUSCULAR DRUGS
MEPHYTON,phytonadione,SUPPLEMENTS
Rocaltrol,calcitriol,SUPPLEMENTS
Drisdol,ergocalciferol,SUPPLEMENTS
PEDIATRIC MULTIVITAMINS/FLUORIDE,pediatric multivitamins/fluoride,SUPPLEMENTS
PEDIATRIC MULTIVITAMINS/FLUORIDE/IRON,pediatric multivitamins/fluoride/iron,SUPPLEMENTS
PRENATAL MULTIVITAMINS/FOLIC ACID   MG,prenatal multivitamins/folic acid   mg,SUPPLEMENTS
K-Phos Neutral,potassium phosphate/sodium phosphates,SUPPLEMENTS
SODIUM FLUORIDE,sodium fluoride,SUPPLEMENTS
K-PHOS,potassium phosphate monobasic,SUPPLEMENTS
Coumadin,warfarin,BLOOD MODIFYING DRUGS
Agrylin,anagrelide,BLOOD MODIFYING DRUGS
Pletal,cilostazol,BLOOD MODIFYING DRUGS
DROxIA,hydroxyurea,BLOOD MODIFYING DRUGS
PLAVIx 75 mg,clopidogrel,BLOOD MODIFYING DRUGS
BACITRACIN OINT,bacitracin oint,TOPICAL PRODUCTS
Ciloxan,ciprofloxacin soln,TOPICAL PRODUCTS
ERYTHROMYCIN OINT,erythromycin oint,TOPICAL PRODUCTS
Ocuflox,ofloxacin soln,TOPICAL PRODUCTS
Bleph-10,sulfacetamide sodium soln,TOPICAL PRODUCTS
Tobrex,tobramycin soln,TOPICAL PRODUCTS
CILOxAN oint,ciprofloxacin,TOPICAL PRODUCTS
VIGAMOx,moxifloxacin,TOPICAL PRODUCTS
ZYMAR,gatifloxacin,TOPICAL PRODUCTS
Viroptic,trifluridine soln,TOPICAL PRODUCTS
NATACYN,natamycin,TOPICAL PRODUCTS
DEXAMETHASONE SODIUM PHOSPHATE SOLN,dexamethasone sodium phosphate soln,TOPICAL PRODUCTS
FML,fluorometholone susp,TOPICAL PRODUCTS
Pred Forte,prednisolone acetate susp,TOPICAL PRODUCTS
SULFACETAMIDE SODIUM/PREDNISOLONE SOLN,sulfacetamide sodium/prednisolone soln,TOPICAL PRODUCTS
LOTEMAx,loteprednol,TOPICAL PRODUCTS
ZYLET,loteprednol/tobramycin,TOPICAL PRODUCTS
TOBRADEx,tobramycin/dexamethasone,TOPICAL PRODUCTS
CARTEOLOL SOLN,carteolol soln,TOPICAL PRODUCTS
Betagan,levobunolol soln,TOPICAL PRODUCTS
Optipranolol,metipranolol soln,TOPICAL PRODUCTS
Isopto Carpine,pilocarpine soln,TOPICAL PRODUCTS
Timoptic,timolol maleate soln,TOPICAL PRODUCTS
Trusopt,dorzolamide soln,TOPICAL PRODUCTS
TRuSOPT,dorzolamide,TOPICAL PRODUCTS
ALPHAGAN P,brimonidine,TOPICAL PRODUCTS
AZOPT,brinzolamide,TOPICAL PRODUCTS
Cosopt,dorzolamide/timolol maleate soln,TOPICAL PRODUCTS
LuMIGAN,bimatoprost,TOPICAL PRODUCTS
TRAVATAN,travoprost,TOPICAL PRODUCTS
TRAVATAN Z,travoprost,TOPICAL PRODUCTS
xALATAN,latanoprost,TOPICAL PRODUCTS
Cyclogyl,cyclopentolate soln,TOPICAL PRODUCTS
Voltaren,diclofenac soln,TOPICAL PRODUCTS
Ocufen,flurbiprofen soln,TOPICAL PRODUCTS
Isopto Homatropine,homatropine soln,TOPICAL PRODUCTS
Crolom,cromolyn sodium soln,TOPICAL PRODUCTS
ACuLAR PF,ketorolac,TOPICAL PRODUCTS
ACuLAR,ketorolac,TOPICAL PRODUCTS
ACuLAR LS,ketorolac,TOPICAL PRODUCTS
ELESTAT,epinastine,TOPICAL PRODUCTS
NEVANAC,nepafenac,TOPICAL PRODUCTS
OPTIVAR,azelastine,TOPICAL PRODUCTS
PATADAY,olopatadine,TOPICAL PRODUCTS
PATANOL,olopatadine,TOPICAL PRODUCTS
RESTASIS,cyclosporine,TOPICAL PRODUCTS
ACETIC ACID,acetic acid,TOPICAL PRODUCTS
BENZOCAINE/ANTIPYRINE,benzocaine/antipyrine,TOPICAL PRODUCTS
HYDROCORTISONE/ACETIC ACID,hydrocortisone/acetic acid,TOPICAL PRODUCTS
Floxin Otic,ofloxacin,TOPICAL PRODUCTS
CIPRO HC,ciprofloxacin/hydrocortisone,TOPICAL PRODUCTS
CIPRODEx,ciprofloxacin/dexamethasone,TOPICAL PRODUCTS
Peridex,chlorhexidine oral rinse,TOPICAL PRODUCTS
LIDOCAINE VISCOUS,lidocaine viscous,TOPICAL PRODUCTS
TRIAMCINOLONE PASTE,triamcinolone paste,TOPICAL PRODUCTS
NYSTATIN SUSP,nystatin susp,TOPICAL PRODUCTS
EVOxAC,cevimeline caps,TOPICAL PRODUCTS
Salagen,pilocarpine tabs,TOPICAL PRODUCTS
ANALPRAM-HC,hydrocortisone acetate/pramoxine,TOPICAL PRODUCTS
PROCTOFOAM HC,hydrocortisone acetate/pramoxine,TOPICAL PRODUCTS
CORTIFOAM,hydrocortisone acetate,TOPICAL PRODUCTS
HYDROCORTISONE ENEMA,hydrocortisone enema,TOPICAL PRODUCTS
Cleocin T,clindamycin,TOPICAL PRODUCTS
ERYTHROMYCIN GEL,erythromycin gel,TOPICAL PRODUCTS
Benzamycin,erythromycin/benzoyl peroxide,TOPICAL PRODUCTS
Retin-A,tretinoin,TOPICAL PRODUCTS
EVOCLIN,clindamycin,TOPICAL PRODUCTS
Metrolotion,metronidazole,TOPICAL PRODUCTS
RETIN-A MICRO,tretinoin,TOPICAL PRODUCTS
SULFACETAMIDE SODIUM/SULFUR LOTN,sulfacetamide sodium/sulfur lotn,TOPICAL PRODUCTS
BENZACLIN,clindamycin/benzoyl peroxide,TOPICAL PRODUCTS
DIFFERIN,adapalene,TOPICAL PRODUCTS
DuAC CS,clindamycin/benzoyl peroxide,TOPICAL PRODUCTS
FINACEA,azelaic acid,TOPICAL PRODUCTS
METROGEL 1%,metronidazole,TOPICAL PRODUCTS
TAZORAC,tazarotene,TOPICAL PRODUCTS
Accutane,isotretinoin caps,TOPICAL PRODUCTS
ECONAZOLE,econazole,TOPICAL PRODUCTS
GENTAMICIN,gentamicin,TOPICAL PRODUCTS
Bactroban,mupirocin oint,TOPICAL PRODUCTS
Mycostatin,nystatin,TOPICAL PRODUCTS
Silvadene,silver sulfadiazine,TOPICAL PRODUCTS
KETOCONAZOLE CRM,ketoconazole crm,TOPICAL PRODUCTS
ALTABAx,retapamulin,TOPICAL PRODUCTS
LOPROx shampoo,ciclopirox,TOPICAL PRODUCTS
OxISTAT,oxiconazole nitrate,TOPICAL PRODUCTS
ZOVIRAx,acyclovir,TOPICAL PRODUCTS
BETAMETHASONE DIPROPIONATE,betamethasone dipropionate,TOPICAL PRODUCTS
BETAMETHASONE VALERATE,betamethasone valerate,TOPICAL PRODUCTS
Temovate,clobetasol,TOPICAL PRODUCTS
Desowen,desonide,TOPICAL PRODUCTS
Lidex,fluocinonide,TOPICAL PRODUCTS
Cutivate,fluticasone propionate,TOPICAL PRODUCTS
Westcort,hydrocortisone valerate,TOPICAL PRODUCTS
NYSTATIN/TRIAMCINOLONE,nystatin/triamcinolone,TOPICAL PRODUCTS
TRIAMCINOLONE,triamcinolone,TOPICAL PRODUCTS
Aclovate,alclometasone,TOPICAL PRODUCTS
Topicort,desoximetasone,TOPICAL PRODUCTS
DIFLORASONE,diflorasone,TOPICAL PRODUCTS
ultravate,halobetasol,TOPICAL PRODUCTS
Elocon,mometasone,TOPICAL PRODUCTS
Olux,clobetasol,TOPICAL PRODUCTS
CLOBEx,clobetasol,TOPICAL PRODUCTS
Drysol,aluminum chloride soln,TOPICAL PRODUCTS
xERAC AC,aluminum chloride,TOPICAL PRODUCTS
Emla,lidocaine/prilocaine crm,TOPICAL PRODUCTS
Zonalon,doxepin crm,TOPICAL PRODUCTS
ELIDEL,pimecrolimus,TOPICAL PRODUCTS
Dritho-Creme HP,anthralin,TOPICAL PRODUCTS
CARAC,fluorouracil,TOPICAL PRODUCTS
FLuOROPLEx,fluorouracil,TOPICAL PRODUCTS
LINDANE LOTN,lindane lotn,TOPICAL PRODUCTS
Condylox,podofilox soln,TOPICAL PRODUCTS
PROTOPIC,tacrolimus,TOPICAL PRODUCTS
ALDARA,imiquimod,TOPICAL PRODUCTS
Dovonex,calcipotriene soln,TOPICAL PRODUCTS
CONDYLOx,podofilox,TOPICAL PRODUCTS
"DOVONEx crm, soln",calcipotriene,TOPICAL PRODUCTS
LIDODERM,lidocaine,TOPICAL PRODUCTS
REGRANEx,becaplermin,TOPICAL PRODUCTS
SOLARAZE,diclofenac sodium,TOPICAL PRODUCTS
SORIATANE CK Kit,acitretin,TOPICAL PRODUCTS
Imuran,azathioprine,MISCELLANEOUS CATEGORIES
CELLCEPT,mycophenolate mofetil,MISCELLANEOUS CATEGORIES
CHEMET,succimer,MISCELLANEOUS CATEGORIES
CuPRIMINE,penicillamine,MISCELLANEOUS CATEGORIES
Sandimmune,cyclosporine,MISCELLANEOUS CATEGORIES
PROGRAF,tacrolimus,MISCELLANEOUS CATEGORIES
RAPAMuNE,sirolimus,MISCELLANEOUS CATEGORIES
